<?xml version="1.0" encoding="UTF-8" standalone="yes"?>

<item>
<title>[COLOR white]Chech TV[/COLOR]</title>
<link>ignorame</link>
<externallink>http://5.255.90.223:2082/playlist.m3u8</externallink>
<thumbnail></thumbnail>
<fanart></fanart>
</item>

<item>
<title>[COLOR white]Chech Sports[/COLOR]</title>
<link>http://5.255.90.223:2082/play/a01w</link>
<externallink></externallink>
<thumbnail></thumbnail>
<fanart></fanart>
</item>

<item>
<title>[COLOR white]Chech Childs[/COLOR]</title>
<link>ignorame</link>
<externallink>http://terramarbrands.com.mx/kodi/playlist.m3u8</externallink>
<thumbnail></thumbnail>
<fanart></fanart>
</item>
